begin transaction;

insert into
    categories (id, name)
values
    (1, 'Parodontologie'),
    (2, 'ZHS/Präv./Rest.'),
    (3, 'Endodontologie'),
    (4, 'Kinderzahnheilkunde'),
    (5, 'Prothetik'),
    (6, 'Schnittmenge ZHS/Restauration/Prothetik');

insert into
    classes (id, name, min, category_id)
values
    (1, 'AIT', 50, 1),
    (2, 'UPT', 50, 1),
    (3, 'Klasse I und II', 50, 2),
    (4, 'Klasse III und IV', 50, 2),
    (5, 'Klasse V', 50, 2),
    (6, 'Befund', 50, 2),
    (7, 'PZR', 50, 2),
    (8, 'WK', 50, 3),
    (9, 'WF', 50, 3),
    (10, 'Befund Kind', 50, 4),
    (11, 'Prophylaxe Kind', 50, 4),
    (12, 'Non-invasiv/invasiv Kind', 50, 4),
    (13, 'Krone', 50, 5),
    (14, 'Brückenglied', 50, 5),
    (15, 'Totalprothese', 50, 5),
    (16, 'Teilprothese Doppelkrone', 50, 5),
    (17, 'Teleskop', 50, 5),
    (18, 'MEG', 50, 5),
    (19, 'Interimsprothese', 50, 5),
    (20, 'Unterfütterung', 50, 5),
    (21, 'Remontage', 50, 5),
    (22, 'Proth. Recall', 50, 5),
    (23, 'Inlay/Teilkrone', 50, 6),
    (24, 'Kronenrandfensterung', 50, 6),
    (25, 'Stumpfaufbau(KVB)', 50, 6),
    (26, 'Stiftaufbau', 50, 6),
    (27, 'Hosp. in Kindersprechstunde', 50, 4);

insert into
    students (id)
values
    (1),
    (2),
    (3),
    (4),
    (5);

insert into
    students_classes (student_id, class_id, semester, points)
values
    (1, 1, 'SoSe2025', 8),
    (1, 2, 'SoSe2025', 2.5),
    (1, 3, 'SoSe2025', 4),
    (1, 10, 'SoSe2025', 2),
    (1, 15, 'SoSe2025', 20),
    (1, 24, 'SoSe2025', 18),
    (1, 1, 'WiSe2024', 8),
    (1, 2, 'WiSe2024', 2),
    (1, 3, 'WiSe2024', 4),
    (1, 5, 'WiSe2024', 1),
    (1, 6, 'WiSe2024', 11),
    (1, 7, 'WiSe2024', 4.5),
    (1, 8, 'WiSe2024', 6),
    (1, 9, 'WiSe2024', 4),
    (1, 21, 'WiSe2024', 5),
    (1, 24, 'WiSe2024', 6),
    (1, 2, 'WiSe2025', 5),
    (1, 3, 'WiSe2025', 15),
    (1, 4, 'WiSe2025', 3),
    (1, 5, 'WiSe2025', 1),
    (1, 6, 'WiSe2025', 2.5),
    (1, 7, 'WiSe2025', 1.5),
    (1, 8, 'WiSe2025', 15),
    (1, 9, 'WiSe2025', 10),
    (1, 10, 'WiSe2025', 2),
    (1, 11, 'WiSe2025', 4),
    (1, 21, 'WiSe2025', 2.5),
    (1, 24, 'WiSe2025', 3),
    (1, 25, 'WiSe2025', 3),
    (2, 2, 'SoSe2025', 2.5),
    (2, 3, 'SoSe2025', 4),
    (2, 8, 'SoSe2025', 3),
    (2, 9, 'SoSe2025', 2),
    (2, 10, 'SoSe2025', 2),
    (2, 24, 'SoSe2025', 18),
    (2, 25, 'SoSe2025', 3),
    (2, 1, 'WiSe2024', 8),
    (2, 2, 'WiSe2024', 2),
    (2, 3, 'WiSe2024', 3),
    (2, 4, 'WiSe2024', 4),
    (2, 6, 'WiSe2024', 5),
    (2, 7, 'WiSe2024', 3),
    (2, 21, 'WiSe2024', 5),
    (2, 24, 'WiSe2024', 6),
    (2, 1, 'WiSe2025', 16),
    (2, 3, 'WiSe2025', 5),
    (2, 6, 'WiSe2025', 2.5),
    (2, 8, 'WiSe2025', 12),
    (2, 9, 'WiSe2025', 8),
    (2, 10, 'WiSe2025', 2),
    (2, 11, 'WiSe2025', 4),
    (2, 18, 'WiSe2025', 10),
    (2, 24, 'WiSe2025', 7),
    (3, 1, 'SoSe2025', 8),
    (3, 2, 'SoSe2025', 5),
    (3, 3, 'SoSe2025', 2),
    (3, 4, 'SoSe2025', 4),
    (3, 5, 'SoSe2025', 1),
    (3, 6, 'SoSe2025', 9),
    (3, 7, 'SoSe2025', 6),
    (3, 8, 'SoSe2025', 3),
    (3, 9, 'SoSe2025', 2),
    (3, 10, 'SoSe2025', 3),
    (3, 21, 'SoSe2025', 2.5),
    (3, 24, 'SoSe2025', 3),
    (3, 2, 'WiSe2024', 6),
    (3, 3, 'WiSe2024', 4),
    (3, 5, 'WiSe2024', 1),
    (3, 6, 'WiSe2024', 10),
    (3, 7, 'WiSe2024', 7.5),
    (3, 18, 'WiSe2024', 10),
    (3, 21, 'WiSe2024', 5),
    (3, 1, 'WiSe2025', 8),
    (3, 2, 'WiSe2025', 2.5),
    (3, 3, 'WiSe2025', 1),
    (3, 4, 'WiSe2025', 2),
    (3, 5, 'WiSe2025', 6),
    (3, 6, 'WiSe2025', 12.5),
    (3, 7, 'WiSe2025', 7.5),
    (3, 8, 'WiSe2025', 12),
    (3, 9, 'WiSe2025', 8),
    (3, 10, 'WiSe2025', 5),
    (3, 11, 'WiSe2025', 2),
    (3, 21, 'WiSe2025', 5),
    (4, 1, 'SoSe2025', 8),
    (4, 2, 'SoSe2025', 7.5),
    (4, 4, 'SoSe2025', 3),
    (4, 6, 'SoSe2025', 3),
    (4, 7, 'SoSe2025', 1.5),
    (4, 8, 'SoSe2025', 3),
    (4, 9, 'SoSe2025', 2),
    (4, 10, 'SoSe2025', 4.5),
    (4, 21, 'SoSe2025', 5),
    (4, 1, 'WiSe2024', 8),
    (4, 2, 'WiSe2024', 6),
    (4, 3, 'WiSe2024', 8),
    (4, 4, 'WiSe2024', 2),
    (4, 6, 'WiSe2024', 9),
    (4, 7, 'WiSe2024', 6),
    (4, 17, 'WiSe2024', 15),
    (4, 21, 'WiSe2024', 5),
    (4, 1, 'WiSe2025', 8),
    (4, 2, 'WiSe2025', 5),
    (4, 3, 'WiSe2025', 1),
    (4, 4, 'WiSe2025', 3),
    (4, 5, 'WiSe2025', 2),
    (4, 6, 'WiSe2025', 5),
    (4, 7, 'WiSe2025', 3),
    (4, 8, 'WiSe2025', 12),
    (4, 9, 'WiSe2025', 8),
    (4, 10, 'WiSe2025', 4),
    (4, 11, 'WiSe2025', 1),
    (4, 17, 'WiSe2025', 15),
    (4, 24, 'WiSe2025', 3),
    (5, 1, 'SoSe2025', 8),
    (5, 2, 'SoSe2025', 5),
    (5, 3, 'SoSe2025', 5),
    (5, 6, 'SoSe2025', 7),
    (5, 7, 'SoSe2025', 3),
    (5, 10, 'SoSe2025', 3),
    (5, 1, 'WiSe2024', 8),
    (5, 2, 'WiSe2024', 4),
    (5, 3, 'WiSe2024', 6),
    (5, 6, 'WiSe2024', 13),
    (5, 7, 'WiSe2024', 6),
    (5, 21, 'WiSe2024', 5),
    (5, 1, 'WiSe2025', 8),
    (5, 2, 'WiSe2025', 5),
    (5, 6, 'WiSe2025', 2.5),
    (5, 7, 'WiSe2025', 1.5),
    (5, 10, 'WiSe2025', 2),
    (5, 11, 'WiSe2025', 2),
    (5, 15, 'WiSe2025', 20),
    (5, 21, 'WiSe2025', 2.5);

commit;