begin transaction;

insert into
    categories (id, name)
values
    (1, 'Parodontologie'),
    (2, 'ZHS/Präv./Rest.'),
    (3, 'Endodontologie'),
    (4, 'Kinderzahnheilkunde'),
    (5, 'Prothetik'),
    (6, 'Schnittmenge ZHS/Restauration/Prothetik');

insert into
    classes (id, name, min, category_id)
values
    (1, 'AIT', 50, 1),
    (2, 'UPT', 50, 1),
    (3, 'Klasse I und II', 50, 2),
    (4, 'Klasse III und IV', 50, 2),
    (5, 'Klasse V', 50, 2),
    (6, 'Befund', 50, 2),
    (7, 'PZR', 50, 2),
    (8, 'WK', 50, 3),
    (9, 'WF', 50, 3),
    (10, 'Befund Kind', 50, 4),
    (11, 'Prophylaxe Kind', 50, 4),
    (12, 'Non-invasiv/invasiv Kind', 50, 4),
    (13, 'Krone', 50, 5),
    (14, 'Brückenglied', 50, 5),
    (15, 'Totalprothese', 50, 5),
    (16, 'Teilprothese Doppelkrone', 50, 5),
    (17, 'Teleskop', 50, 5),
    (18, 'MEG', 50, 5),
    (19, 'Interimsprothese', 50, 5),
    (20, 'Unterfütterung', 50, 5),
    (21, 'Remontage', 50, 5),
    (22, 'Proth. Recall', 50, 5),
    (23, 'Inlay/Teilkrone', 50, 6),
    (24, 'Kronenrandfensterung', 50, 6),
    (25, 'Stumpfaufbau(KVB)', 50, 6),
    (26, 'Stiftaufbau', 50, 6),
    (27, 'Hosp. in Kindersprechstunde', 50, 4);

insert into
    students (id)
values
    (1),
    (2),
    (3),
    (4),
    (5);

insert into
    students_classes (student_id, class_id, semester, points)
values
    (1, 1, '2025SoSe', 8),
    (1, 2, '2025SoSe', 2.5),
    (1, 3, '2025SoSe', 4),
    (1, 10, '2025SoSe', 2),
    (1, 15, '2025SoSe', 20),
    (1, 24, '2025SoSe', 18),
    (1, 1, '2024WiSe', 8),
    (1, 2, '2024WiSe', 2),
    (1, 3, '2024WiSe', 4),
    (1, 5, '2024WiSe', 1),
    (1, 6, '2024WiSe', 11),
    (1, 7, '2024WiSe', 4.5),
    (1, 8, '2024WiSe', 6),
    (1, 9, '2024WiSe', 4),
    (1, 21, '2024WiSe', 5),
    (1, 24, '2024WiSe', 6),
    (1, 2, '2025WiSe', 5),
    (1, 3, '2025WiSe', 15),
    (1, 4, '2025WiSe', 3),
    (1, 5, '2025WiSe', 1),
    (1, 6, '2025WiSe', 2.5),
    (1, 7, '2025WiSe', 1.5),
    (1, 8, '2025WiSe', 15),
    (1, 9, '2025WiSe', 10),
    (1, 10, '2025WiSe', 2),
    (1, 11, '2025WiSe', 4),
    (1, 21, '2025WiSe', 2.5),
    (1, 24, '2025WiSe', 3),
    (1, 25, '2025WiSe', 3),
    (2, 2, '2025SoSe', 2.5),
    (2, 3, '2025SoSe', 4),
    (2, 8, '2025SoSe', 3),
    (2, 9, '2025SoSe', 2),
    (2, 10, '2025SoSe', 2),
    (2, 24, '2025SoSe', 18),
    (2, 25, '2025SoSe', 3),
    (2, 1, '2024WiSe', 8),
    (2, 2, '2024WiSe', 2),
    (2, 3, '2024WiSe', 3),
    (2, 4, '2024WiSe', 4),
    (2, 6, '2024WiSe', 5),
    (2, 7, '2024WiSe', 3),
    (2, 21, '2024WiSe', 5),
    (2, 24, '2024WiSe', 6),
    (2, 1, '2025WiSe', 16),
    (2, 3, '2025WiSe', 5),
    (2, 6, '2025WiSe', 2.5),
    (2, 8, '2025WiSe', 12),
    (2, 9, '2025WiSe', 8),
    (2, 10, '2025WiSe', 2),
    (2, 11, '2025WiSe', 4),
    (2, 18, '2025WiSe', 10),
    (2, 24, '2025WiSe', 7),
    (3, 1, '2025SoSe', 8),
    (3, 2, '2025SoSe', 5),
    (3, 3, '2025SoSe', 2),
    (3, 4, '2025SoSe', 4),
    (3, 5, '2025SoSe', 1),
    (3, 6, '2025SoSe', 9),
    (3, 7, '2025SoSe', 6),
    (3, 8, '2025SoSe', 3),
    (3, 9, '2025SoSe', 2),
    (3, 10, '2025SoSe', 3),
    (3, 21, '2025SoSe', 2.5),
    (3, 24, '2025SoSe', 3),
    (3, 2, '2024WiSe', 6),
    (3, 3, '2024WiSe', 4),
    (3, 5, '2024WiSe', 1),
    (3, 6, '2024WiSe', 10),
    (3, 7, '2024WiSe', 7.5),
    (3, 18, '2024WiSe', 10),
    (3, 21, '2024WiSe', 5),
    (3, 1, '2025WiSe', 8),
    (3, 2, '2025WiSe', 2.5),
    (3, 3, '2025WiSe', 1),
    (3, 4, '2025WiSe', 2),
    (3, 5, '2025WiSe', 6),
    (3, 6, '2025WiSe', 12.5),
    (3, 7, '2025WiSe', 7.5),
    (3, 8, '2025WiSe', 12),
    (3, 9, '2025WiSe', 8),
    (3, 10, '2025WiSe', 5),
    (3, 11, '2025WiSe', 2),
    (3, 21, '2025WiSe', 5),
    (4, 1, '2025SoSe', 8),
    (4, 2, '2025SoSe', 7.5),
    (4, 4, '2025SoSe', 3),
    (4, 6, '2025SoSe', 3),
    (4, 7, '2025SoSe', 1.5),
    (4, 8, '2025SoSe', 3),
    (4, 9, '2025SoSe', 2),
    (4, 10, '2025SoSe', 4.5),
    (4, 21, '2025SoSe', 5),
    (4, 1, '2024WiSe', 8),
    (4, 2, '2024WiSe', 6),
    (4, 3, '2024WiSe', 8),
    (4, 4, '2024WiSe', 2),
    (4, 6, '2024WiSe', 9),
    (4, 7, '2024WiSe', 6),
    (4, 17, '2024WiSe', 15),
    (4, 21, '2024WiSe', 5),
    (4, 1, '2025WiSe', 8),
    (4, 2, '2025WiSe', 5),
    (4, 3, '2025WiSe', 1),
    (4, 4, '2025WiSe', 3),
    (4, 5, '2025WiSe', 2),
    (4, 6, '2025WiSe', 5),
    (4, 7, '2025WiSe', 3),
    (4, 8, '2025WiSe', 12),
    (4, 9, '2025WiSe', 8),
    (4, 10, '2025WiSe', 4),
    (4, 11, '2025WiSe', 1),
    (4, 17, '2025WiSe', 15),
    (4, 24, '2025WiSe', 3),
    (5, 1, '2025SoSe', 8),
    (5, 2, '2025SoSe', 5),
    (5, 3, '2025SoSe', 5),
    (5, 6, '2025SoSe', 7),
    (5, 7, '2025SoSe', 3),
    (5, 10, '2025SoSe', 3),
    (5, 1, '2024WiSe', 8),
    (5, 2, '2024WiSe', 4),
    (5, 3, '2024WiSe', 6),
    (5, 6, '2024WiSe', 13),
    (5, 7, '2024WiSe', 6),
    (5, 21, '2024WiSe', 5),
    (5, 1, '2025WiSe', 8),
    (5, 2, '2025WiSe', 5),
    (5, 6, '2025WiSe', 2.5),
    (5, 7, '2025WiSe', 1.5),
    (5, 10, '2025WiSe', 2),
    (5, 11, '2025WiSe', 2),
    (5, 15, '2025WiSe', 20),
    (5, 21, '2025WiSe', 2.5);

commit;