begin transaction;

insert into
    categories (id, name, min_points)
values
    (0, 'Parodontologie', 32),
    (1, 'ZHS/Präv./Rest.', 55),
    (2, 'Endodontologie', 20),
    (3, 'Kinderzahnheilkunde', 8),
    (4, 'Prothetik', 51), -- UNSICHER
    (5, 'Schnittmenge', 33);

insert into
    classes (id, name, min_count, min_points, category_id)
values
    (0, 'AIT', 3, 24, 0),
    (1, 'UPT', 4, 8, 0),
    (2, 'Klasse I und II', 6, 12, 1),
    (3, 'Klasse III und IV', 3, 6, 1),
    (4, 'Klasse V', 2, 2, 1),
    (5, 'Befund', 4, 8, 1),
    (6, 'PZR', 4, 6, 1),
    (7, 'WK', 1, 9, 2),
    (8, 'WF', 1, 6, 2),
    (27, 'WM', null, null, 2),
    (9, 'Befund Kind', 2, null, 3),
    (10, 'Prophylaxe Kind', null, null, 3),
    (11, 'Non-invasiv/invasiv Kind', null, null, 3),
    (26, 'Hosp. in Kindersprechstunde', null, null, 3),
    (12, 'Krone', null, null, 4),
    (13, 'Brückenglied', null, null, 4),
    (14, 'Totalprothese', null, null, 4),
    (15, 'Teilprothese Doppelkrone', null, null, 4),
    (16, 'Teleskop', null, null, 4),
    (17, 'MEG', null, null, 4),
    (18, 'Interimsprothese', null, null, 4),
    (19, 'Unterfütterung', null, null, 4),
    (20, 'Remontage', null, null, 4),
    (21, 'Proth. Recall', null, null, 4),
    (22, 'Inlay/Teilkrone', null, null, 5),
    (23, 'Kronenrandfensterung', null, null, 5),
    (24, 'Stumpfaufbau(KVB)', null, null, 5),
    (25, 'Stiftaufbau', null, null, 5);

insert into
    students (id)
values
    (0),
    (1),
    (2),
    (3),
    (4);

insert into
    students_classes (student_id, class_id, semester, points)
values
    (0, 0, '2025SoSe', 8),
    (0, 1, '2025SoSe', 2.5),
    (0, 2, '2025SoSe', 4),
    (0, 9, '2025SoSe', 2),
    (0, 14, '2025SoSe', 20),
    (0, 23, '2025SoSe', 18),
    (0, 0, '2024WiSe', 8),
    (0, 1, '2024WiSe', 2),
    (0, 2, '2024WiSe', 4),
    (0, 4, '2024WiSe', 1),
    (0, 5, '2024WiSe', 11),
    (0, 6, '2024WiSe', 4.5),
    (0, 7, '2024WiSe', 6),
    (0, 8, '2024WiSe', 4),
    (0, 20, '2024WiSe', 5),
    (0, 23, '2024WiSe', 6),
    (0, 1, '2025WiSe', 5),
    (0, 2, '2025WiSe', 15),
    (0, 3, '2025WiSe', 3),
    (0, 4, '2025WiSe', 1),
    (0, 5, '2025WiSe', 2.5),
    (0, 6, '2025WiSe', 1.5),
    (0, 7, '2025WiSe', 15),
    (0, 8, '2025WiSe', 10),
    (0, 9, '2025WiSe', 2),
    (0, 10, '2025WiSe', 4),
    (0, 20, '2025WiSe', 2.5),
    (0, 23, '2025WiSe', 3),
    (0, 24, '2025WiSe', 3),
    (1, 1, '2025SoSe', 2.5),
    (1, 2, '2025SoSe', 4),
    (1, 7, '2025SoSe', 3),
    (1, 8, '2025SoSe', 2),
    (1, 9, '2025SoSe', 2),
    (1, 23, '2025SoSe', 18),
    (1, 24, '2025SoSe', 3),
    (1, 0, '2024WiSe', 8),
    (1, 1, '2024WiSe', 2),
    (1, 2, '2024WiSe', 3),
    (1, 3, '2024WiSe', 4),
    (1, 5, '2024WiSe', 5),
    (1, 6, '2024WiSe', 3),
    (1, 20, '2024WiSe', 5),
    (1, 23, '2024WiSe', 6),
    (1, 0, '2025WiSe', 16),
    (1, 2, '2025WiSe', 5),
    (1, 5, '2025WiSe', 2.5),
    (1, 7, '2025WiSe', 12),
    (1, 8, '2025WiSe', 8),
    (1, 9, '2025WiSe', 2),
    (1, 10, '2025WiSe', 4),
    (1, 17, '2025WiSe', 10),
    (1, 23, '2025WiSe', 7),
    (2, 0, '2025SoSe', 8),
    (2, 1, '2025SoSe', 5),
    (2, 2, '2025SoSe', 2),
    (2, 3, '2025SoSe', 4),
    (2, 4, '2025SoSe', 1),
    (2, 5, '2025SoSe', 9),
    (2, 6, '2025SoSe', 6),
    (2, 7, '2025SoSe', 3),
    (2, 8, '2025SoSe', 2),
    (2, 9, '2025SoSe', 3),
    (2, 20, '2025SoSe', 2.5),
    (2, 23, '2025SoSe', 3),
    (2, 1, '2024WiSe', 6),
    (2, 2, '2024WiSe', 4),
    (2, 4, '2024WiSe', 1),
    (2, 5, '2024WiSe', 10),
    (2, 6, '2024WiSe', 7.5),
    (2, 17, '2024WiSe', 10),
    (2, 20, '2024WiSe', 5),
    (2, 0, '2025WiSe', 8),
    (2, 1, '2025WiSe', 2.5),
    (2, 2, '2025WiSe', 1),
    (2, 3, '2025WiSe', 2),
    (2, 4, '2025WiSe', 6),
    (2, 5, '2025WiSe', 12.5),
    (2, 6, '2025WiSe', 7.5),
    (2, 7, '2025WiSe', 12),
    (2, 8, '2025WiSe', 8),
    (2, 9, '2025WiSe', 5),
    (2, 10, '2025WiSe', 2),
    (2, 20, '2025WiSe', 5),
    (3, 0, '2025SoSe', 8),
    (3, 1, '2025SoSe', 7.5),
    (3, 3, '2025SoSe', 3),
    (3, 5, '2025SoSe', 3),
    (3, 6, '2025SoSe', 1.5),
    (3, 7, '2025SoSe', 3),
    (3, 8, '2025SoSe', 2),
    (3, 9, '2025SoSe', 4.5),
    (3, 20, '2025SoSe', 5),
    (3, 0, '2024WiSe', 8),
    (3, 1, '2024WiSe', 6),
    (3, 2, '2024WiSe', 8),
    (3, 3, '2024WiSe', 2),
    (3, 5, '2024WiSe', 9),
    (3, 6, '2024WiSe', 6),
    (3, 16, '2024WiSe', 15),
    (3, 20, '2024WiSe', 5),
    (3, 0, '2025WiSe', 8),
    (3, 1, '2025WiSe', 5),
    (3, 2, '2025WiSe', 1),
    (3, 3, '2025WiSe', 3),
    (3, 4, '2025WiSe', 2),
    (3, 5, '2025WiSe', 5),
    (3, 6, '2025WiSe', 3),
    (3, 7, '2025WiSe', 12),
    (3, 8, '2025WiSe', 8),
    (3, 9, '2025WiSe', 4),
    (3, 10, '2025WiSe', 1),
    (3, 16, '2025WiSe', 15),
    (3, 23, '2025WiSe', 3),
    (4, 0, '2025SoSe', 8),
    (4, 1, '2025SoSe', 5),
    (4, 2, '2025SoSe', 5),
    (4, 5, '2025SoSe', 7),
    (4, 6, '2025SoSe', 3),
    (4, 9, '2025SoSe', 3),
    (4, 0, '2024WiSe', 8),
    (4, 1, '2024WiSe', 4),
    (4, 2, '2024WiSe', 6),
    (4, 5, '2024WiSe', 13),
    (4, 6, '2024WiSe', 6),
    (4, 20, '2024WiSe', 5),
    (4, 0, '2025WiSe', 8),
    (4, 1, '2025WiSe', 5),
    (4, 5, '2025WiSe', 2.5),
    (4, 6, '2025WiSe', 1.5),
    (4, 9, '2025WiSe', 2),
    (4, 10, '2025WiSe', 2),
    (4, 14, '2025WiSe', 20),
    (4, 20, '2025WiSe', 2.5);

commit;